Activity,Mean_HR,Std_HR,Mean_RR,Std_RR,RPeak_Count,Signal_Mean,Signal_Std,Signal_Min,Signal_Max
rest,72.19804386427947,2.792521221286412,0.825090909090909,0.04779017499911754,12,-0.021726173483154372,0.25620632627903495,-1.3382798418080415,0.9838904224004428
rest,69.79076324446106,0.9677226876792804,0.86,0.013856406460551031,11,-0.021762128245903102,0.2560206552646811,-1.3634450976583523,1.0159144238714974
rest,71.92660802414954,0.7732769528889908,0.8343999999999999,0.01061319932913729,11,-0.022876894342082312,0.2741850325270136,-1.3347114507845335,0.979652396041344
rest,74.65050418469804,0.6918281682888859,0.8036363636363638,0.00843448254890414,12,-0.0174738953175446,0.2074954235566507,-1.0901413875649917,0.7824424829144403
rest,69.20694173038585,0.8277276450885027,0.8667999999999999,0.012006664815842916,11,-0.02121842001378887,0.25374046408799283,-1.3361306649950229,1.0176228352759638
rest,69.22585084389178,1.060552295945578,0.8667999999999999,0.015184202316881858,11,-0.017432421292887065,0.2076164271511282,-1.1021272745979498,0.8224768893543227
rest,74.83168522965413,0.6189812839449201,0.8018181818181819,0.007505369978381913,12,-0.022501724804375706,0.2614466102427077,-1.3922105702115255,1.018807807907966
rest,72.43458226615388,0.5874418723944459,0.8288,0.007110555533852478,11,-0.017358623085164806,0.2689684366820448,-1.3964458874860712,1.2348879785299745
rest,68.74248232348478,1.1171345386620195,0.8732000000000001,0.01590471628165685,11,-0.02216704589777954,0.2604908575232443,-1.3684398480480262,1.024374850619948
rest,71.7771038807615,0.8153829890646337,0.836,0.011027239001672186,11,-0.02071013156560706,0.23991510282333292,-1.288634178148574,0.9409942685271049
rest,68.51359886399294,0.9353309440475702,0.876,0.01419859147943909,11,-0.02216938419486159,0.26276326089026886,-1.3616100892036285,1.0310747823956268
rest,68.58246431135814,1.0062361052296822,0.8752000000000001,0.014729562111617588,11,-0.022236989890177954,0.2633562284647538,-1.3694058240057592,1.0229178712553813
rest,70.9379937408692,0.922663706394423,0.8464,0.012026637102698337,11,-0.02171016620583022,0.2594281769690732,-1.378884757890121,1.018202792612417
rest,64.33471185964271,0.7126659460050186,0.9324444444444444,0.012284688854297978,10,-0.022466526289625633,0.2566974632248378,-1.4006450070702157,1.0730006873267108
rest,64.9032000141982,0.5181791226884098,0.9244444444444445,0.008933222774329666,10,-0.022325839922250134,0.2576965263603089,-1.3807245150720897,1.0603182323327922
rest,68.45441257422624,0.8549604872146471,0.8768,0.012237646832622694,11,-0.022138558239567563,0.25980349901807204,-1.3540223185684248,1.0085748891023762
rest,66.96777102175865,0.6262692832581113,0.8968,0.010244998779892567,11,-0.021250247447671212,0.2558821531371441,-1.3559410721911154,1.022359970940136
rest,70.88385842793612,1.1112566548144551,0.8459999999999999,0.015099668870541512,11,-0.021319604285186863,0.2517846271433812,-1.3512728035326358,1.0077015877881286
rest,67.30505690423864,0.9513364922178189,0.8907999999999999,0.014971973817770334,11,-0.021980532400293868,0.2561586790730025,-1.3650829417417976,1.0409438136338778
rest,66.64557991926605,2.5018956396005043,0.8939999999999999,0.050950956811428,11,-0.021531527466160317,0.2508467433891544,-1.3476570813452273,1.008191720253449
rest,74.49409529669097,0.48209161470531936,0.8054545454545454,0.0059751551727836175,12,-0.02254638090143304,0.26331297928265157,-1.4036110781234152,1.0187969403003436
rest,69.43077152734269,0.45949712325984177,0.8644000000000001,0.006800000000000006,11,-0.022049858589317333,0.2580945240325999,-1.3873385348958698,1.0461711839022303
rest,70.37438596046597,0.5471361913255258,0.8528,0.00754718490564529,11,-0.02226665284419201,0.25946557418144534,-1.3944648832470918,1.0385363308854598
rest,66.60018345172847,2.810746164007521,0.8944000000000001,0.054617213403834526,11,-0.02196457243758736,0.2530041222094828,-1.3593818658523587,1.0148348734307946
rest,68.39067839476752,0.48512648708906514,0.8775999999999999,0.006974238309665084,11,-0.02177781164837222,0.25516885898476577,-1.3331127056940337,0.9906213182008047
rest,70.32468731147954,0.6085156478586059,0.8532,0.008207313811473283,11,-0.021424040397778715,0.25176961083760613,-1.3303726453504405,0.97618324684132
rest,66.52780913363756,0.6372185379746159,0.9016000000000002,0.009666436778875666,11,-0.025845344873883732,0.27577437709455843,-1.3672871747028155,1.0912059094748718
rest,71.15013975967865,0.8267387467855086,0.8432000000000001,0.011285388783732718,11,-0.021716279955931124,0.258525863529254,-1.377303147242004,1.018730688758
rest,68.20539751784534,0.653079818000724,0.8792,0.01040000000000001,11,-0.022022025516318416,0.2597198116318594,-1.3549365381475393,1.022173792043462
rest,69.07722066748195,1.0746500349859778,0.8688,0.015471263684650986,11,-0.02185728782060427,0.26037117920094527,-1.3710125873250234,1.0264269158669619
walk,95.16371212581599,1.0296692609984905,0.6305714285714286,0.0074996598562324,15,-0.02114976523449847,0.2564492114302386,-1.333491746650272,0.9102556436547078
walk,114.98557422351949,1.0280864445361326,0.5217777777777778,0.005028314888437676,19,-0.026020985342540166,0.2697041742123852,-1.356265879599721,0.9204135865800398
walk,99.87702116885707,0.9487726052391101,0.6007999999999999,0.006231104770958897,16,-0.021195639816281094,0.25928779320709217,-1.3463690256988194,0.9132975288510035
walk,91.64055963961708,0.7354834611523895,0.6545714285714286,0.005778213833187629,15,-0.02164954546370737,0.2637661816565005,-1.3760811974541407,0.9186484972208689
walk,106.52765801554472,0.9348383053663318,0.56325,0.005517019122678436,17,-0.021327572279643884,0.25868414822466,-1.3412598938847258,0.9249972571742064
walk,90.13452741298578,1.1428945435396654,0.6652307692307692,0.008928380386798105,14,-0.02172782292898701,0.26868734238882674,-1.3665915617073119,0.9163299190402747
walk,101.7547735378819,0.6469111260105256,0.5896,0.004332820482472515,16,-0.022091254188984433,0.26057822367181244,-1.3819817291751744,0.9062265874279138
walk,84.4672135825799,0.6037572054827118,0.7106666666666666,0.005249338582674546,13,-0.017053330989138096,0.26345308769445913,-1.3659228034494064,1.1533019796625636
walk,90.1857269207425,3.143382834254685,0.6611428571428571,0.034819651969330574,15,-0.022192356213584404,0.260872390144384,-1.364712985596807,0.9071872046032525
walk,101.66460682660183,0.888642725926429,0.5901333333333333,0.005631656555184773,16,-0.0220471111974396,0.2609719147908782,-1.3751501251624825,0.9101896469060782
walk,105.72016719087986,1.1552848596955432,0.5674999999999999,0.006614378277661439,17,-0.021520156887265076,0.2606605398616396,-1.3544541083129675,0.940727729308685
walk,101.27759052311126,1.1163810509369365,0.5922666666666666,0.007075466219424859,16,-0.02150364589695121,0.259145470568818,-1.3508723198025987,0.9271287905741381
walk,99.26734313457148,0.91493268696168,0.6045333333333331,0.005998518335574402,16,-0.0222802515732241,0.2665598261770393,-1.396224904215443,0.9248149444075787
walk,97.63620077578129,0.7606793907868065,0.6144,0.005225578117937451,16,-0.02214796665342429,0.2631542760121687,-1.3904605588862373,0.91198233401846
walk,88.14396360931974,0.5853598456474317,0.6806153846153846,0.0049230769230769085,14,-0.021842021035346864,0.259410784787466,-1.3703327371717287,0.8868357550736198
walk,94.35516597306933,0.954196228294644,0.636,0.0070912420834233535,15,-0.021556889018336876,0.2576418825691197,-1.3408496926371611,0.8898014789372731
walk,96.29480449220124,0.7233237785591956,0.6228571428571428,0.004882287854467165,15,-0.018234057888611523,0.2608604608299044,-1.3533807260528736,0.9352273846721917
walk,108.5262503232451,1.106850866964076,0.5527058823529413,0.0060172761659032376,18,-0.016929382899080556,0.25231765750280744,-1.309884138771467,1.012102320427743
walk,102.79122395529185,1.1584297073921035,0.5834999999999999,0.007193747284969086,17,-0.026185593041407003,0.2716892316801791,-1.350898833903285,0.9329239066433959
walk,85.947687982481,0.6718368241281386,0.6981538461538462,0.005998027289113213,14,-0.021549891642958834,0.2598334089129253,-1.3673046586558038,0.8923918582185518
walk,102.59259119600293,0.5864144413900717,0.585,0.0038729833462074204,17,-0.018423419389807235,0.2661174904646654,-1.393293996757286,1.085441043786681
walk,96.97654952441242,0.5771748741721352,0.6189333333333333,0.0042499673201357975,16,-0.02528478750236352,0.2692409369766049,-1.3908978606202569,0.9045028939908228
walk,94.66573296202603,0.6075466984510723,0.6337142857142857,0.0044629998148038065,15,-0.02229915216608245,0.26622557544125397,-1.3957588857638843,0.9110672572812757
walk,104.99075575063391,0.8726520717923416,0.5714999999999999,0.005267826876426374,17,-0.02221187281069719,0.262859591566295,-1.3640962104583971,0.9040157852528954
walk,108.23379318342306,0.6636724945989649,0.55425,0.003733296130767023,17,-0.018327661405794792,0.2605849749962909,-1.3485191395452332,0.9794104634637871
walk,107.47308988485564,0.684824607629895,0.55825,0.003992179855667802,17,-0.02174713623946507,0.2590103242430965,-1.3535457071429349,0.9040121200814538
walk,93.28186176612299,0.6684217843781827,0.6431428571428572,0.0050548017179869,15,-0.02198215013846713,0.26142489964334914,-1.3721719278964555,0.9300758656412562
walk,97.43677359946285,0.9544304459538621,0.6159999999999999,0.006693280212272611,16,-0.02183411270448018,0.26352297977085903,-1.373286231818612,0.9242865424941291
walk,102.709510023644,0.7411418963332402,0.584,0.004690415759823434,17,-0.026284146872386317,0.27447487294424916,-1.3493486217634003,0.9366630501929633
walk,107.74500836774143,1.2168677150069238,0.5567500000000001,0.006814506585219473,17,-0.02205374406215003,0.25951373981434095,-1.3570469106567153,0.9321115299098184
run,134.23269760178127,1.0261328254943383,0.44704761904761914,0.0036836342106311873,22,-0.02042455263371676,0.2551735409667532,-1.3193483892527793,0.8278292334877037
run,137.9148911694207,1.2067577819541182,0.43504761904761907,0.004259177099999603,22,-0.023262224911422363,0.25617567005865194,-1.3248096150181203,0.8225819810344307
run,126.74795430809425,1.0194479327977357,0.47339999999999993,0.004054626986542644,21,-0.02140924330421498,0.2575832854571531,-1.3229398819644098,0.8901524242079129
run,125.81703392545353,0.8907290307963577,0.4770526315789473,0.003634247684554116,20,-0.021730110163124122,0.25654241746414,-1.3515377501331076,0.8808786580678264
run,149.74830647624293,1.08859535288209,0.40069565217391306,0.0032628979198771604,24,-0.021191302170222626,0.2507439166890121,-1.3125475938615607,0.8122413586835966
run,156.15254249566092,1.1886279873089791,0.3841666666666667,0.003157882553582739,25,-0.021984758692725235,0.2568520454225897,-1.303624403413404,0.880937341402558
run,139.17342102036397,0.7863216441895596,0.4310909090909092,0.0026783490659375,23,-0.02605821917986184,0.26624460514633774,-1.3438946898891475,0.894902440737345
run,152.0928292822401,0.6372902263214292,0.3945000000000001,0.0019364916731037102,25,-0.020454835669534786,0.25101717171980287,-1.3142147870531105,0.7842745674064908
run,144.42179060277823,1.2569597694872523,0.4154545454545456,0.0038697812097805056,23,-0.018133866999083873,0.25767295137305385,-1.332881109122246,1.0251345411073212
run,132.31407387026468,1.0247810432044289,0.4534000000000001,0.0038522720568516474,21,-0.019417635112171098,0.2555569526116282,-1.3433725921859068,0.844846257626186
run,144.14105035585436,1.2706503390379782,0.4161818181818182,0.004085855464408045,23,-0.02112190026699145,0.25667108658757704,-1.3205077395358984,0.8407413246511192
run,158.36569935595264,1.3263391038005927,0.37888000000000005,0.0034907878766834315,26,-0.020085269836138876,0.2506933038177086,-1.3055739969463995,0.797219566007203
run,139.70174421265392,0.9176485742686387,0.42945454545454553,0.0030855568633594826,23,-0.019906020133788848,0.24756885557907365,-1.2941805632275591,0.8033060760163965
run,158.8158004346383,0.8338966595877305,0.37776000000000004,0.002285257097133714,26,-0.02028243204998692,0.2489246400939084,-1.3254779958704885,0.7882269380557352
run,108.52116892725404,0.6201378814259401,0.5529411764705884,0.003505803394294436,18,-0.017705863203631586,0.26545737415352527,-1.3711421344214458,1.0813291171941222
run,150.008208981839,0.9939227633128277,0.40000000000000013,0.0028892604740584633,24,-0.024058137350438862,0.2660785278042345,-1.3183469042894527,0.9228000664744999
run,140.96004637247904,0.7841833592165234,0.42563636363636376,0.002603240193322976,23,-0.020918935028050985,0.254379521865583,-1.3257443475614883,0.8142545684537789
run,136.4881698725779,1.254115506113533,0.4396190476190476,0.004434455895932506,22,-0.021227759018870064,0.25331074349989857,-1.3363236781634935,0.8429615975358625
run,141.2016134900652,1.2385250013950013,0.42490909090909085,0.003987584036265697,23,-0.02142947911349648,0.25516387798290974,-1.3346837165278345,0.8252061260876652
run,116.16582455200921,0.7080063160710494,0.5164444444444445,0.003499559055116364,19,-0.02107730099382634,0.25908705562140233,-1.3553260702723193,0.9007959413195997
run,137.34837151984283,0.756036923780239,0.4367619047619047,0.0026530263385112635,22,-0.020996356351617926,0.2562842709761915,-1.3664034800307572,0.8641357371644822
run,144.26202948040176,0.7135897408065962,0.4158181818181818,0.0022489667048823624,23,-0.02120974188815758,0.25740673225392907,-1.3521058608952043,0.8255614210348952
run,157.7765899675381,0.8997355213032581,0.3803200000000001,0.002509501942617302,26,-0.019739075906096186,0.2544246732337864,-1.3208790184486219,0.8016004316377441
run,133.87185570290808,0.9446852659000368,0.4481904761904763,0.003375246694603689,22,-0.021154978102451434,0.25654819662329087,-1.3349020180649582,0.8400801174671446
run,130.3279579155457,0.7160083852865555,0.4604000000000001,0.0028000000000000026,21,-0.021345878209649,0.25515432211406064,-1.3343568209535877,0.8490118965822863
run,133.9710215668487,0.6806725118278759,0.4478095238095239,0.002611677943009924,22,-0.02070926024358547,0.25556921361735874,-1.3265868931392841,0.8284249789075412
run,150.96079428796355,0.832363860876441,0.3975,0.0025331140255951128,25,-0.020635500986057785,0.25179261419796795,-1.3221951186936072,0.8107252154086232
run,143.82915649069625,1.0547303526376408,0.4170909090909091,0.0032320706972056717,23,-0.022030078697702998,0.25105731476255577,-1.3237940900579694,0.8009706682215942
run,133.758038764208,0.9057761185655653,0.44857142857142873,0.003331972511340175,22,-0.021255307090785037,0.2592806826596522,-1.344064447582587,0.8538248923290758
run,146.06458447484508,1.2714618737932049,0.41078260869565236,0.0038102438782967978,24,-0.0205000987299504,0.253543728338591,-1.3169025851140328,0.7954749823686842
